job_id,url
4246714875,https://www.linkedin.com/jobs/search/?currentJobId=4246714875&f_TPR=r86400&geoId=103644278&keywords=product%20manager&origin=JOB_SEARCH_PAGE_JOB_FILTER&refresh=true
4230881545,https://www.linkedin.com/jobs/search/?currentJobId=4230881545&f_TPR=r86400&geoId=103644278&keywords=product%20manager&origin=JOB_SEARCH_PAGE_JOB_FILTER&refresh=true
4184732456,https://www.linkedin.com/jobs/search/?currentJobId=4184732456&f_TPR=r86400&geoId=103644278&keywords=product%20manager&origin=JOB_SEARCH_PAGE_JOB_FILTER&refresh=true
4246780622,https://www.linkedin.com/jobs/search/?currentJobId=4246780622&f_TPR=r86400&geoId=103644278&keywords=product%20manager&origin=JOB_SEARCH_PAGE_JOB_FILTER&refresh=true
4246713497,https://www.linkedin.com/jobs/search/?currentJobId=4246713497&f_TPR=r86400&geoId=103644278&keywords=product%20manager&origin=JOB_SEARCH_PAGE_JOB_FILTER&refresh=true
4246001664,https://www.linkedin.com/jobs/search/?currentJobId=4246001664&f_TPR=r86400&geoId=103644278&keywords=product%20manager&origin=JOB_SEARCH_PAGE_JOB_FILTER&refresh=true
4246718054,https://www.linkedin.com/jobs/search/?currentJobId=4246718054&f_TPR=r86400&geoId=103644278&keywords=product%20manager&origin=JOB_SEARCH_PAGE_JOB_FILTER&refresh=true
4248391234,https://www.linkedin.com/jobs/search/?currentJobId=4248391234&f_TPR=r86400&geoId=103644278&keywords=product%20manager&origin=JOB_SEARCH_PAGE_JOB_FILTER&refresh=true
4230665987,https://www.linkedin.com/jobs/search/?currentJobId=4230665987&f_TPR=r86400&geoId=103644278&keywords=product%20manager&origin=JOB_SEARCH_PAGE_JOB_FILTER&refresh=true
4198677119,https://www.linkedin.com/jobs/search/?currentJobId=4198677119&f_TPR=r86400&geoId=103644278&keywords=product%20manager&origin=JOB_SEARCH_PAGE_JOB_FILTER&refresh=true
4198677119,https://www.linkedin.com/jobs/search/?currentJobId=4198677119&f_TPR=r86400&geoId=103644278&keywords=product%20manager&origin=JOB_SEARCH_PAGE_JOB_FILTER&refresh=true
4244419924,https://www.linkedin.com/jobs/search/?currentJobId=4244419924&f_TPR=r86400&geoId=103644278&keywords=product%20manager&origin=JOB_SEARCH_PAGE_JOB_FILTER&refresh=true
4159028095,https://www.linkedin.com/jobs/search/?currentJobId=4159028095&f_TPR=r86400&geoId=103644278&keywords=product%20manager&origin=JOB_SEARCH_PAGE_JOB_FILTER&refresh=true
4159028095,https://www.linkedin.com/jobs/search/?currentJobId=4159028095&f_TPR=r86400&geoId=103644278&keywords=product%20manager&origin=JOB_SEARCH_PAGE_JOB_FILTER&refresh=true
4248310661,https://www.linkedin.com/jobs/search/?currentJobId=4248310661&f_TPR=r86400&geoId=103644278&keywords=product%20manager&origin=JOB_SEARCH_PAGE_JOB_FILTER&refresh=true
4246722047,https://www.linkedin.com/jobs/search/?currentJobId=4246722047&f_TPR=r86400&geoId=103644278&keywords=product%20manager&origin=JOB_SEARCH_PAGE_JOB_FILTER&refresh=true
4246722047,https://www.linkedin.com/jobs/search/?currentJobId=4246722047&f_TPR=r86400&geoId=103644278&keywords=product%20manager&origin=JOB_SEARCH_PAGE_JOB_FILTER&refresh=true
4230850436,https://www.linkedin.com/jobs/search/?currentJobId=4230850436&f_TPR=r86400&geoId=103644278&keywords=product%20manager&origin=JOB_SEARCH_PAGE_JOB_FILTER&refresh=true
4246032804,https://www.linkedin.com/jobs/search/?currentJobId=4246032804&f_TPR=r86400&geoId=103644278&keywords=product%20manager&origin=JOB_SEARCH_PAGE_JOB_FILTER&refresh=true
4219088296,https://www.linkedin.com/jobs/search/?currentJobId=4219088296&f_TPR=r86400&geoId=103644278&keywords=product%20manager&origin=JOB_SEARCH_PAGE_JOB_FILTER&refresh=true
4248372247,https://www.linkedin.com/jobs/search/?currentJobId=4248372247&f_TPR=r86400&geoId=103644278&keywords=product%20manager&origin=JOB_SEARCH_PAGE_JOB_FILTER&refresh=true
4189980789,https://www.linkedin.com/jobs/search/?currentJobId=4189980789&f_TPR=r86400&geoId=103644278&keywords=product%20manager&origin=JOB_SEARCH_PAGE_JOB_FILTER&refresh=true
4245488895,https://www.linkedin.com/jobs/search/?currentJobId=4245488895&f_TPR=r86400&geoId=103644278&keywords=product%20manager&origin=JOB_SEARCH_PAGE_JOB_FILTER&refresh=true
4233667550,https://www.linkedin.com/jobs/search/?currentJobId=4233667550&f_TPR=r86400&geoId=103644278&keywords=product%20manager&origin=JOB_SEARCH_PAGE_JOB_FILTER&refresh=true
4246020238,https://www.linkedin.com/jobs/search/?currentJobId=4246020238&f_TPR=r86400&geoId=103644278&keywords=product%20manager&origin=JOB_SEARCH_PAGE_JOB_FILTER&refresh=true
